{"cameraMode":{"drawMode":0,"name":"Shaded","section":"Shading Mode"},"sceneLighting":true,"audioPlay":false,"sceneViewState":{"showFog":true,"showMaterialUpdate":false,"showSkybox":true,"showFlares":true,"showImageEffects":true,"showParticleSystems":true},"in2DMode":false,"pivot":{"x":-0.2945442199707031,"y":-5.805154800415039,"z":-1.8393821716308594},"rotation":{"x":-0.15710638463497163,"y":0.8411474227905273,"z":-0.39426034688949587,"w":-0.3351840674877167},"size":29.397727966308595,"orthographic":false}